param,val,upperVal,lowerVal,n_eff,Rhat
lp__,-300893.23855154775,-300886.5794694422,-300902.75579837954,1232.5775318992344,1.0058161269843793
