param,val,upperVal,lowerVal,n_eff,Rhat
lp__,-5772.489058162935,-5765.315907194671,-5782.147287413163,1805.0294259458776,0.999698873931515
