param,val,upperVal,lowerVal,n_eff,Rhat
lp__,-5768.945458950206,-5761.731955787813,-5778.716225423917,1757.5627168769809,0.9989823775285428
