param,val,upperVal,lowerVal,n_eff,Rhat
lp__,-280355.6194969051,-280348.9407827812,-280364.7142646853,1777.2270429839548,0.9998292879052048
