param,val,upperVal,lowerVal,n_eff,Rhat
lp__,-280205.51010816946,-280198.96933397406,-280215.0869253466,1695.2969624417542,0.9993661412400512
