param,val,upperVal,lowerVal,n_eff,Rhat
lp__,-5800.705757962689,-5793.471802559367,-5811.070195972571,1675.8459520530857,0.9986570523300115
