param,val,upperVal,lowerVal,n_eff,Rhat
lp__,-5789.591166738721,-5782.543409187636,-5799.3063525802445,1751.7122129139898,0.9988057330751192
