param,val,upperVal,lowerVal,n_eff,Rhat
lp__,-5355.796087067614,-5348.594029471274,-5365.2621952991385,1733.7447926773891,0.9995615714008333
