param,val,upperVal,lowerVal,n_eff,Rhat
lp__,-5358.006449673694,-5351.0822395303985,-5368.033329302154,1792.142343320763,0.9989153928334118
