param,val,upperVal,lowerVal,n_eff,Rhat
lp__,-7234.810405804972,-7227.524799704586,-7244.926191672742,1658.3952624344513,1.0017154200161487
