param,val,upperVal,lowerVal,n_eff,Rhat
lp__,-4639.394874579808,-4632.179485765822,-4649.258419857424,1680.773146587989,0.9991461927291896
