param,val,upperVal,lowerVal,n_eff,Rhat
lp__,-5359.314000851843,-5352.053687492002,-5369.255674891383,1761.7863745938228,0.9987054901250851
