param,val,upperVal,lowerVal,n_eff,Rhat
lp__,-5369.068517643338,-5361.959265442603,-5378.51800395257,1708.666007837129,1.0011724721788722
