param,val,upperVal,lowerVal,n_eff,Rhat
lp__,-4672.791465731872,-4665.563740857709,-4682.792093850784,1664.516745351693,0.9991671344810854
