param,val,upperVal,lowerVal,n_eff,Rhat
lp__,-5341.547730904091,-5334.5103238490965,-5351.995409327448,1570.2864822480726,1.0003883205614463
