param,val,upperVal,lowerVal,n_eff,Rhat
lp__,-5326.79509402052,-5319.321916202302,-5336.487275317365,1707.6626323995838,1.0002618228087634
