param,val,upperVal,lowerVal,n_eff,Rhat
lp__,-5371.859481161511,-5364.6733770696455,-5381.557345005738,1626.2350414600928,0.9989517108751057
