param,val,upperVal,lowerVal,n_eff,Rhat
lp__,-5340.744355159298,-5333.513949285322,-5350.945278104702,1557.2740769411291,0.9994893697034304
