param,val,upperVal,lowerVal,n_eff,Rhat
lp__,-313708.86916268826,-313702.30780214234,-313718.2682283461,1768.9647866398557,0.9998167495414579
