param,val,upperVal,lowerVal,n_eff,Rhat
lp__,-313557.6910900472,-313550.99753735727,-313567.29788513266,1593.0473679015952,1.0004325372662077
