param,val,upperVal,lowerVal,n_eff,Rhat
lp__,-7229.547636814367,-7222.793168654795,-7239.6970477849045,1708.0381942304841,1.002320072929626
