param,val,upperVal,lowerVal,n_eff,Rhat
lp__,-5793.95605532769,-5786.8550133796125,-5804.403017601919,1664.380385105387,0.9986238685226556
