param,val,upperVal,lowerVal,n_eff,Rhat
lp__,-7435.485374757814,-7428.2235006592055,-7445.179188104681,1725.264763705081,0.9991061895125052
