param,val,upperVal,lowerVal,n_eff,Rhat
lp__,-5361.060654600435,-5353.743848629555,-5370.87779167344,1725.361356982781,0.9985019573926259
