param,val,upperVal,lowerVal,n_eff,Rhat
lp__,-5361.11300849018,-5353.752009751464,-5371.418780988337,1855.2761972270596,1.0005740427238763
