param,val,upperVal,lowerVal,n_eff,Rhat
lp__,-5329.6375728237745,-5322.442378533311,-5339.3194398449,1737.3481141908558,1.0021524507072104
