param,val,upperVal,lowerVal,n_eff,Rhat
lp__,-5803.23037186246,-5796.142195861652,-5812.855673458802,1649.789707297275,1.0001315707717207
