param,val,upperVal,lowerVal,n_eff,Rhat
lp__,-7345.364604658438,-7338.565853146639,-7355.02500769456,1799.811911733321,0.9992098903975469
