param,val,upperVal,lowerVal,n_eff,Rhat
lp__,-275437.3609044128,-275430.3169671725,-275447.3474531073,1715.7413657215639,1.000475648038326
