param,val,upperVal,lowerVal,n_eff,Rhat
lp__,-275587.51927707647,-275580.5461326199,-275596.78799724457,1679.8541048855288,1.000376977156283
