param,val,upperVal,lowerVal,n_eff,Rhat
lp__,-5797.7126424276,-5790.534841934081,-5808.066412787768,1643.8840029224561,1.0011377729346382
