param,val,upperVal,lowerVal,n_eff,Rhat
lp__,-5359.968149395254,-5352.674736669716,-5369.735324945128,1730.808634075535,0.9986963163080843
