param,val,upperVal,lowerVal,n_eff,Rhat
lp__,-303866.13000571355,-303859.1283625229,-303875.7653544152,1636.3028984738587,0.9996517809965283
