param,val,upperVal,lowerVal,n_eff,Rhat
lp__,-4615.421916255003,-4608.112656167634,-4625.654614397542,1688.7739460811329,1.0042551087042362
