param,val,upperVal,lowerVal,n_eff,Rhat
lp__,-7333.544343641841,-7326.362324543547,-7343.389251567158,1762.4089712603225,1.0012281535670355
