param,val,upperVal,lowerVal,n_eff,Rhat
lp__,-5764.067038633773,-5756.477581430504,-5773.623398411116,1644.0865429852458,1.0000298774723027
