param,val,upperVal,lowerVal,n_eff,Rhat
lp__,-5776.130511112807,-5768.872061115182,-5786.115930174784,1668.6011327568729,0.9997836798881855
