param,val,upperVal,lowerVal,n_eff,Rhat
lp__,-5813.725358559254,-5806.032296278619,-5824.192749585626,1605.4802349831657,1.000153971319307
