param,val,upperVal,lowerVal,n_eff,Rhat
lp__,-5798.086832106204,-5790.737626964415,-5808.270689195058,1575.396592176123,1.0037623949466836
