param,val,upperVal,lowerVal,n_eff,Rhat
lp__,-5793.629922183783,-5786.283880512255,-5803.831027773741,1840.6546388466927,0.9992459778710088
