param,val,upperVal,lowerVal,n_eff,Rhat
lp__,-5787.260964264153,-5780.189453792037,-5797.352867705823,1664.7720088416459,1.000019352777275
