param,val,upperVal,lowerVal,n_eff,Rhat
lp__,-7263.545783981168,-7256.438135802754,-7274.275737333679,1714.2568835754398,1.0019705373198073
