param,val,upperVal,lowerVal,n_eff,Rhat
lp__,-302385.7305902231,-302378.8488918793,-302395.443503773,1533.6739072595194,1.0000913801047766
