param,val,upperVal,lowerVal,n_eff,Rhat
lp__,-5816.667495850739,-5809.785201562787,-5827.081746376171,1778.457987158302,0.9991090565201842
