param,val,upperVal,lowerVal,n_eff,Rhat
lp__,-5810.993102754972,-5803.817099092247,-5820.952537600068,1786.5908551097116,0.9989797386669166
