param,val,upperVal,lowerVal,n_eff,Rhat
lp__,-5768.390990500929,-5761.225987039809,-5778.225667561848,1772.3707709471164,0.9991196166906952
