param,val,upperVal,lowerVal,n_eff,Rhat
lp__,-5799.446868829578,-5792.270496416853,-5809.081307756213,1503.8327707860205,1.0014233734647586
