param,val,upperVal,lowerVal,n_eff,Rhat
lp__,-5324.083611844477,-5316.963249871017,-5334.303749924856,1707.8242410168016,1.0011889586850156
