param,val,upperVal,lowerVal,n_eff,Rhat
lp__,-18484.66537494582,-18478.157698880215,-18493.831385007357,1718.8849911228917,1.000998655529393
