param,val,upperVal,lowerVal,n_eff,Rhat
lp__,-18322.90275683777,-18315.95467851392,-18333.478232148413,1674.6113967481888,0.9996667954163307
