param,val,upperVal,lowerVal,n_eff,Rhat
lp__,-7217.345503726742,-7209.769902446417,-7227.055533616634,1574.9620753852648,0.9999626933902818
