param,val,upperVal,lowerVal,n_eff,Rhat
lp__,-1909.331039391754,-1901.9515028354917,-1920.2040469298759,1718.2613541229503,0.9983756644230691
