param,val,upperVal,lowerVal,n_eff,Rhat
lp__,-280286.1389859443,-280279.47847677517,-280296.0127530238,1873.8187415220957,0.9986352328470615
