param,val,upperVal,lowerVal,n_eff,Rhat
lp__,-5801.4056369013215,-5794.062977546095,-5811.084471835931,1637.7041057999174,1.0011823725675286
