param,val,upperVal,lowerVal,n_eff,Rhat
lp__,-5332.573049676368,-5325.382867586613,-5342.297932199251,1561.1910552672712,0.9992273016464113
