param,val,upperVal,lowerVal,n_eff,Rhat
lp__,-5787.381343418371,-5780.249768340095,-5797.078202062408,1771.142405466636,0.998305960538366
