param,val,upperVal,lowerVal,n_eff,Rhat
lp__,-7249.925039074544,-7242.785226997138,-7260.43738621426,1698.4189134840196,1.0007086678791774
