param,val,upperVal,lowerVal,n_eff,Rhat
lp__,-5795.6183971503115,-5788.22150095458,-5805.233730462343,1662.8708747592602,0.9985232497593568
