param,val,upperVal,lowerVal,n_eff,Rhat
lp__,-7215.910001535001,-7208.740179860133,-7225.981908556778,1766.479170962227,1.0014301883610894
