param,val,upperVal,lowerVal,n_eff,Rhat
lp__,-5779.006481002056,-5771.554897166567,-5789.218581092209,1748.5383191934084,1.0008870288183123
