param,val,upperVal,lowerVal,n_eff,Rhat
lp__,-101414.86916255181,-101407.87966579603,-101425.10721867363,1798.9692502068156,0.998175813040822
