param,val,upperVal,lowerVal,n_eff,Rhat
lp__,-5334.96019796958,-5327.40807256037,-5344.833886560559,1710.061995993691,0.9996689685506539
