param,val,upperVal,lowerVal,n_eff,Rhat
lp__,-5763.11772925637,-5755.973009111977,-5773.843797070743,1566.7726834402617,0.9995625768803668
