param,val,upperVal,lowerVal,n_eff,Rhat
lp__,-5340.290777909146,-5332.814374870242,-5350.563882070754,1805.2614121615104,0.9978077368907697
