param,val,upperVal,lowerVal,n_eff,Rhat
lp__,-7266.7310935193655,-7259.566930998709,-7277.056840146206,1864.70480751962,1.0000790929962626
