param,val,upperVal,lowerVal,n_eff,Rhat
lp__,-5357.223936370074,-5349.905941379501,-5366.867065111143,1530.3115252826176,0.9998975083758564
