param,val,upperVal,lowerVal,n_eff,Rhat
lp__,-5332.628012113216,-5325.217168606186,-5343.08636530762,1399.9447702160292,1.0020344326695882
