param,val,upperVal,lowerVal,n_eff,Rhat
lp__,-5766.428245550542,-5759.297525308831,-5776.753832567023,1725.0637408944783,0.9999183225126975
