param,val,upperVal,lowerVal,n_eff,Rhat
lp__,-5796.2615288857705,-5789.131277439293,-5806.133499153433,1669.1917112637982,0.9988608285182311
