param,val,upperVal,lowerVal,n_eff,Rhat
lp__,-5771.425751762303,-5764.08306664782,-5781.954970933054,1607.8953005965714,1.0026761103796038
