param,val,upperVal,lowerVal,n_eff,Rhat
lp__,-5365.674012710963,-5358.380785180431,-5375.403332625131,1505.993877760663,0.9992713427791415
