param,val,upperVal,lowerVal,n_eff,Rhat
lp__,-5663.545471886784,-5656.469935920224,-5673.244273512595,1597.4097538317428,0.9993662120653214
