param,val,upperVal,lowerVal,n_eff,Rhat
lp__,-5364.1191577221325,-5356.915282968729,-5373.739641542207,1692.0595706341817,0.999833409330019
