param,val,upperVal,lowerVal,n_eff,Rhat
lp__,-102045.08628410802,-102038.01350507987,-102055.04440412058,1763.0474962029189,1.000642327193651
