param,val,upperVal,lowerVal,n_eff,Rhat
lp__,-5630.114799828503,-5622.148948479733,-5640.538553162301,1664.6273053222371,1.0014707740384865
