param,val,upperVal,lowerVal,n_eff,Rhat
lp__,-4780.759815057902,-4773.713590610945,-4791.180872818541,1919.7734838722924,0.9995979214226302
