param,val,upperVal,lowerVal,n_eff,Rhat
lp__,-4789.1075566733625,-4781.773662215786,-4799.092196013518,1650.8572424704485,1.0008823231359494
