param,val,upperVal,lowerVal,n_eff,Rhat
lp__,-279356.6560050959,-279349.86681226874,-279366.69908119366,1670.4132396853415,0.9986934478271864
