param,val,upperVal,lowerVal,n_eff,Rhat
lp__,-18403.050012572487,-18396.24028739255,-18412.38277786376,1802.6538267219232,1.0004468690173907
