param,val,upperVal,lowerVal,n_eff,Rhat
lp__,-5324.033202875242,-5316.782197131585,-5333.449797018925,1607.6609567992743,1.0010414105963634
