param,val,upperVal,lowerVal,n_eff,Rhat
lp__,-291125.1725051176,-291118.1917516523,-291134.93943644804,1584.3008232496763,0.9997064392804537
