param,val,upperVal,lowerVal,n_eff,Rhat
lp__,-5329.6343924467665,-5322.251299857882,-5338.873014567944,1672.6002904338109,0.9993294670086149
