param,val,upperVal,lowerVal,n_eff,Rhat
lp__,-5799.862593257864,-5792.49975851592,-5809.765720172852,1673.4717322280846,0.9995694117154789
