param,val,upperVal,lowerVal,n_eff,Rhat
lp__,-5510.297891934315,-5502.339039909241,-5521.454597238229,1600.6063353227898,1.0016886127017075
