param,val,upperVal,lowerVal,n_eff,Rhat
lp__,-5672.394635262419,-5665.481258791848,-5682.458675451033,1697.591781139847,1.000594364279967
