param,val,upperVal,lowerVal,n_eff,Rhat
lp__,-299349.4611963552,-299342.9121697451,-299358.05919268396,1796.046036127696,0.9997260740152358
