param,val,upperVal,lowerVal,n_eff,Rhat
lp__,-5770.721751866797,-5763.019500123378,-5780.397495805138,1833.6641713099475,1.0003999808940904
