param,val,upperVal,lowerVal,n_eff,Rhat
lp__,-5763.490305031099,-5756.527935253099,-5773.768010145536,1424.0769944580015,1.0026916339774552
