param,val,upperVal,lowerVal,n_eff,Rhat
lp__,-5515.205988211331,-5507.59529167144,-5525.647184933028,1651.2481762633583,1.0002804832211034
