param,val,upperVal,lowerVal,n_eff,Rhat
lp__,-5677.733440669472,-5670.848846267762,-5687.53012282218,1692.5112181219558,1.0005303829603003
