param,val,upperVal,lowerVal,n_eff,Rhat
lp__,-5208.981437518587,-5201.231506371516,-5219.787346810092,1395.3346105630008,0.9990831088763911
