param,val,upperVal,lowerVal,n_eff,Rhat
lp__,-5362.84710543399,-5356.076756602128,-5372.92130408113,1781.716009976119,1.0005126917282183
