param,val,upperVal,lowerVal,n_eff,Rhat
lp__,-282109.4171907243,-282102.86744796555,-282118.88915900385,1772.6256912981758,0.9987792853126151
