param,val,upperVal,lowerVal,n_eff,Rhat
lp__,-282259.7981442587,-282253.05187643314,-282269.40683973324,1592.848753914641,0.9999257596694487
