param,val,upperVal,lowerVal,n_eff,Rhat
lp__,-5360.4024003813865,-5353.491177098564,-5370.599049419439,1497.3479112139125,0.9996134805828886
