param,val,upperVal,lowerVal,n_eff,Rhat
lp__,-5788.645229014294,-5781.342337548845,-5798.6713734743,1652.0805900547982,0.9983659838248562
