param,val,upperVal,lowerVal,n_eff,Rhat
lp__,-312094.3957015155,-312087.5650646685,-312103.94328845374,1806.6493140018,1.0001082507754628
