param,val,upperVal,lowerVal,n_eff,Rhat
lp__,-7249.620876531531,-7242.438947327454,-7259.310825036962,1111.5835905181723,1.0028478360226585
