param,val,upperVal,lowerVal,n_eff,Rhat
lp__,-280440.87033769966,-280433.94748312846,-280450.53763651353,1601.7062031156263,0.9996689761121345
