param,val,upperVal,lowerVal,n_eff,Rhat
lp__,-5357.430041928741,-5350.06873309333,-5367.790334925978,1748.520684304574,1.0006164317812847
