param,val,upperVal,lowerVal,n_eff,Rhat
lp__,-4633.933383306321,-4626.5546580074115,-4643.957840424095,1700.9360725590889,0.9990597283415578
