param,val,upperVal,lowerVal,n_eff,Rhat
lp__,-4667.756317821876,-4660.607927463465,-4677.916202319253,1879.934171782667,0.9996635897219891
