param,val,upperVal,lowerVal,n_eff,Rhat
lp__,-5448.794081505108,-5441.018546351015,-5459.260926476656,1687.8730159676059,0.9988813598949271
