param,val,upperVal,lowerVal,n_eff,Rhat
lp__,-5774.153793827109,-5767.2625547877215,-5783.884938747219,1436.9776149969082,0.9998865645724666
