param,val,upperVal,lowerVal,n_eff,Rhat
lp__,-275737.4853326583,-275730.9757153202,-275747.36365123326,1686.6412841320296,1.0004724226364827
