param,val,upperVal,lowerVal,n_eff,Rhat
lp__,-5359.6318959519995,-5352.561788069217,-5369.427670096051,1592.1072898788434,1.002282341513872
