param,val,upperVal,lowerVal,n_eff,Rhat
lp__,-5781.840153904527,-5774.499052729754,-5792.015339672928,1766.809960432731,1.001246352156911
