param,val,upperVal,lowerVal,n_eff,Rhat
lp__,-5794.529271524218,-5787.574560804056,-5804.509946263489,1515.1487995311957,1.0011420157635929
