param,val,upperVal,lowerVal,n_eff,Rhat
lp__,-4699.975005187536,-4692.736983956245,-4709.798030414162,1808.2926508551295,0.9997886975771841
