param,val,upperVal,lowerVal,n_eff,Rhat
lp__,-282075.14490512206,-282068.41562479857,-282084.4855274642,1719.179799057785,1.0000199733828365
