param,val,upperVal,lowerVal,n_eff,Rhat
lp__,-282225.5136776521,-282218.85118966526,-282234.57141935563,1760.9571479585416,1.0009256463784613
