param,val,upperVal,lowerVal,n_eff,Rhat
lp__,-4641.921501505565,-4634.742087656414,-4652.388950667017,1597.948406898783,0.9989223876701286
