param,val,upperVal,lowerVal,n_eff,Rhat
lp__,-5356.550346704921,-5349.157261775607,-5365.6414521982815,1670.9265941869537,1.0024413406197694
