param,val,upperVal,lowerVal,n_eff,Rhat
lp__,-4675.083987621216,-4667.907343730433,-4685.672500950734,1796.4919413253888,0.998320966147183
