param,val,upperVal,lowerVal,n_eff,Rhat
lp__,-4693.426174546137,-4685.889145999086,-4703.703702960373,1583.4827560374154,0.998470812159925
