param,val,upperVal,lowerVal,n_eff,Rhat
lp__,-5363.244687504886,-5356.136157716087,-5372.999312154552,1753.8438744735695,0.9998311655905381
