param,val,upperVal,lowerVal,n_eff,Rhat
lp__,-5364.484850609715,-5357.319695499183,-5374.082448970179,1647.5740575113985,1.000028682703279
