param,val,upperVal,lowerVal,n_eff,Rhat
lp__,-5364.139242747291,-5356.7607758376125,-5373.503806261515,1596.9150632624974,0.9999224704326546
