param,val,upperVal,lowerVal,n_eff,Rhat
lp__,-7261.636685411393,-7254.048637681042,-7271.374625273645,1671.0232109494227,1.0002564656192794
