param,val,upperVal,lowerVal,n_eff,Rhat
lp__,-298279.27093107265,-298272.4778370486,-298289.30106555787,1642.7237023375385,1.000423603075262
