param,val,upperVal,lowerVal,n_eff,Rhat
lp__,-4711.196720995116,-4703.792275921568,-4720.927854723575,1589.8858206141524,0.9995358597192651
