param,val,upperVal,lowerVal,n_eff,Rhat
lp__,-4621.476499998476,-4614.1225763037255,-4631.613660424756,1601.7826734436826,1.0012819385098537
