param,val,upperVal,lowerVal,n_eff,Rhat
lp__,-5365.084767514034,-5358.14528145327,-5375.021766193648,1717.6568788019,0.9994080441418141
