param,val,upperVal,lowerVal,n_eff,Rhat
lp__,-7234.561073072899,-7227.315553761581,-7244.04036344479,1614.3803819548975,0.9990671484411459
