param,val,upperVal,lowerVal,n_eff,Rhat
lp__,-301424.3454456653,-301417.2606486921,-301433.46564546233,1626.26698320928,0.9995555168854385
