param,val,upperVal,lowerVal,n_eff,Rhat
lp__,-5323.017922031153,-5315.748420857187,-5332.618809110693,1504.3082594142163,0.9995256963160914
