param,val,upperVal,lowerVal,n_eff,Rhat
lp__,-7250.85796497879,-7243.552394224639,-7261.066322867935,1643.9096507430122,1.0008125085472444
