param,val,upperVal,lowerVal,n_eff,Rhat
lp__,-299083.48088493734,-299076.4624898341,-299093.125787682,1689.5599887352607,0.9997894308063158
