param,val,upperVal,lowerVal,n_eff,Rhat
lp__,-298918.23001964315,-298911.14631895954,-298928.35686394427,1663.1923155194831,1.0008932129780785
