param,val,upperVal,lowerVal,n_eff,Rhat
lp__,-8725.079728057877,-8717.658162575015,-8734.808168915915,1364.784294186608,1.004810563780098
