param,val,upperVal,lowerVal,n_eff,Rhat
lp__,-267541.5339683646,-267534.895733093,-267550.9019926703,1655.9373547824605,0.9989695515024144
