param,val,upperVal,lowerVal,n_eff,Rhat
lp__,-5796.966336095685,-5789.640848082331,-5807.107799934873,1487.8902317402399,0.9991484840374779
