param,val,upperVal,lowerVal,n_eff,Rhat
lp__,-4638.599428504715,-4630.902130408868,-4648.348254481381,1686.3420618018026,1.0006269127417877
