param,val,upperVal,lowerVal,n_eff,Rhat
lp__,-298688.64115422237,-298681.7046376073,-298697.9564880167,1714.9389094185065,0.9999935476418926
