param,val,upperVal,lowerVal,n_eff,Rhat
lp__,-298840.6754826326,-298834.0191962556,-298850.3615969725,1650.0242620510166,0.9995436016531297
