param,val,upperVal,lowerVal,n_eff,Rhat
lp__,-5358.458492833307,-5350.772442797065,-5368.802838824487,1692.050021951951,1.0035640022851229
