param,val,upperVal,lowerVal,n_eff,Rhat
lp__,-5795.988911371637,-5789.039971654671,-5806.290736265897,1609.2598016053626,1.0019129496628745
