param,val,upperVal,lowerVal,n_eff,Rhat
lp__,-5819.187291716713,-5811.817654223034,-5828.818031797346,1611.9476945372305,0.9988266080262483
