param,val,upperVal,lowerVal,n_eff,Rhat
lp__,-5363.669188995167,-5356.551080477103,-5373.816170163372,1424.5684812292504,1.0027779331101991
