param,val,upperVal,lowerVal,n_eff,Rhat
lp__,-5811.986851907125,-5804.998358797436,-5821.856128714626,1714.484758124589,1.0013618965256197
