param,val,upperVal,lowerVal,n_eff,Rhat
lp__,-5776.773618179674,-5769.591743398098,-5786.508342423305,1638.6664701418003,1.0004097209312586
