param,val,upperVal,lowerVal,n_eff,Rhat
lp__,-5796.588233375458,-5789.582065088621,-5806.890122025146,1798.2042948160736,1.0001853338083846
