param,val,upperVal,lowerVal,n_eff,Rhat
lp__,-5359.053340869017,-5352.06941112533,-5368.63516448789,1533.9355885532736,1.002272943596951
