param,val,upperVal,lowerVal,n_eff,Rhat
lp__,-7397.832564648463,-7390.474077986374,-7407.665714857885,1771.7820898336852,0.9989404917777999
