param,val,upperVal,lowerVal,n_eff,Rhat
lp__,-5521.4279961298125,-5513.857470329365,-5532.2682543794435,1530.9185656870416,1.0004600612332022
