param,val,upperVal,lowerVal,n_eff,Rhat
lp__,-5684.912707773901,-5677.577164974555,-5694.65783220063,1630.288464490717,1.0013727721793506
