param,val,upperVal,lowerVal,n_eff,Rhat
lp__,-4645.979829791717,-4638.618984485543,-4656.893424860796,1566.4546679931295,0.9980533285503592
