param,val,upperVal,lowerVal,n_eff,Rhat
lp__,-5786.642664545561,-5779.531095700775,-5796.641434885802,1835.38864001562,1.0003492901825357
