param,val,upperVal,lowerVal,n_eff,Rhat
lp__,-5372.1857911606,-5365.180376654115,-5381.739971036449,1269.3490492433828,0.9998389718250954
