param,val,upperVal,lowerVal,n_eff,Rhat
lp__,-4796.108256320531,-4788.730840341851,-4805.454472232161,1742.3315928670177,0.998648847912673
