param,val,upperVal,lowerVal,n_eff,Rhat
lp__,-5329.332334665346,-5322.239000859238,-5338.858792828233,1697.35994588146,1.003244026968712
