param,val,upperVal,lowerVal,n_eff,Rhat
lp__,-18266.422979776475,-18259.609417330666,-18276.118331889073,1755.4384424892673,0.9989640970317578
