param,val,upperVal,lowerVal,n_eff,Rhat
lp__,-5361.576984438305,-5354.441140869583,-5371.7719485528505,1666.1972310312804,1.00042259345684
