param,val,upperVal,lowerVal,n_eff,Rhat
lp__,-5363.036328199982,-5355.642171491827,-5372.541511627277,1897.017844899631,0.9995372344951606
