param,val,upperVal,lowerVal,n_eff,Rhat
lp__,-5357.173101651757,-5349.862033352068,-5367.041094548691,1655.7754696468155,1.0010405306542884
