param,val,upperVal,lowerVal,n_eff,Rhat
lp__,-5362.557657115483,-5355.4924694150905,-5372.630638017132,1705.754174466982,0.999736886378426
