param,val,upperVal,lowerVal,n_eff,Rhat
lp__,-5802.5472289008685,-5794.895424874934,-5812.519425059828,1693.927200755599,0.99979245119861
