param,val,upperVal,lowerVal,n_eff,Rhat
lp__,-298897.5285905708,-298890.1236572943,-298907.70974513155,1563.3860115945238,1.0019293730537886
