param,val,upperVal,lowerVal,n_eff,Rhat
lp__,-4650.857935457401,-4643.515577320195,-4660.525404134781,1648.7660709504441,0.9992405869185167
