param,val,upperVal,lowerVal,n_eff,Rhat
lp__,-5774.813661882117,-5767.672828726433,-5785.006418591063,1651.1110398632115,0.9995332711122273
