param,val,upperVal,lowerVal,n_eff,Rhat
lp__,-5807.226767705137,-5799.876365543241,-5817.193754342488,1618.927918576007,0.9992932968482297
