param,val,upperVal,lowerVal,n_eff,Rhat
lp__,-5799.89263851914,-5793.006611359551,-5809.89296603546,1747.5246884595263,0.9986366309521284
