param,val,upperVal,lowerVal,n_eff,Rhat
lp__,-106501.71099284897,-106495.12690409346,-106511.30896009464,1695.9834530591763,0.9987771677155396
