param,val,upperVal,lowerVal,n_eff,Rhat
lp__,-106145.6627370978,-106138.68688120715,-106155.64876302102,1758.2092666296794,1.0003098984401955
