param,val,upperVal,lowerVal,n_eff,Rhat
lp__,-5804.370688625059,-5797.303390384145,-5814.117985305839,1862.221518521307,1.000276317249694
