param,val,upperVal,lowerVal,n_eff,Rhat
lp__,-4631.277511342489,-4623.865528494208,-4641.428543850221,1688.1182503491941,0.999287692860366
