param,val,upperVal,lowerVal,n_eff,Rhat
lp__,-5367.27120500047,-5360.005376840842,-5376.9368768601,1559.6766184936744,1.0025805056288748
