param,val,upperVal,lowerVal,n_eff,Rhat
lp__,-5358.102060186124,-5350.802899805867,-5368.411529190106,1531.7342408797228,1.000891025663214
