param,val,upperVal,lowerVal,n_eff,Rhat
lp__,-4769.596870871697,-4762.0991086989025,-4779.175778995858,1786.114628884022,0.9989400371530711
