param,val,upperVal,lowerVal,n_eff,Rhat
lp__,-302582.9918911266,-302576.246933464,-302592.03306670266,1801.6478232489944,0.9986909191338786
