param,val,upperVal,lowerVal,n_eff,Rhat
lp__,-7354.475377201392,-7347.130512053093,-7364.153166112668,1800.4908000375951,1.0001725812542064
