param,val,upperVal,lowerVal,n_eff,Rhat
lp__,-5331.5004104742,-5324.730980459377,-5341.829084845493,1337.8349186923608,1.0013522210014194
