param,val,upperVal,lowerVal,n_eff,Rhat
lp__,-36837.46432442408,-36830.92448977422,-36846.82296324778,1667.3763262893542,1.0021879210849978
