param,val,upperVal,lowerVal,n_eff,Rhat
lp__,-5359.096547304852,-5351.871911129129,-5368.920755768279,1816.6423425904902,0.9985660125544722
