param,val,upperVal,lowerVal,n_eff,Rhat
lp__,-5821.112829739317,-5813.890086018145,-5831.24097789198,1594.326534976528,0.9998532641783374
