param,val,upperVal,lowerVal,n_eff,Rhat
lp__,-5372.1016633567215,-5365.074767867809,-5381.889424867337,1470.9466091208383,1.001239839097925
