param,val,upperVal,lowerVal,n_eff,Rhat
lp__,-5494.93295760159,-5487.334395570553,-5505.395242953164,1531.8363891789672,1.0002441699554736
