param,val,upperVal,lowerVal,n_eff,Rhat
lp__,-5370.101819263089,-5362.763553040629,-5379.787809286376,1528.0829327791062,0.9989945289907654
