param,val,upperVal,lowerVal,n_eff,Rhat
lp__,-5785.490018504124,-5778.4079443078335,-5795.97671706261,1686.0758402786225,0.9989413382603552
