param,val,upperVal,lowerVal,n_eff,Rhat
lp__,-5355.296661302789,-5348.237737099583,-5364.935471925686,1613.2607439668711,0.9996302211729892
