param,val,upperVal,lowerVal,n_eff,Rhat
lp__,-5394.6351830160675,-5386.840542609778,-5405.063354470761,1725.6848631682942,1.000145297109748
