param,val,upperVal,lowerVal,n_eff,Rhat
lp__,-5547.141820423829,-5539.9886825145995,-5557.163441418529,1829.0172897732705,1.000221322332037
