param,val,upperVal,lowerVal,n_eff,Rhat
lp__,-5798.57151897998,-5791.313317550284,-5808.6946360886695,1745.6020803153492,0.9999947904949926
