param,val,upperVal,lowerVal,n_eff,Rhat
lp__,-5360.8966944140575,-5354.013238045891,-5370.766602075171,1702.0424834066434,0.9982700272860838
