param,val,upperVal,lowerVal,n_eff,Rhat
lp__,-5355.841398357645,-5348.4807848096625,-5365.414827248399,1642.96284107015,1.0003137810381053
