param,val,upperVal,lowerVal,n_eff,Rhat
lp__,-5227.368333592116,-5219.286189538923,-5237.363768588635,1569.24717635446,0.9993669519050548
