param,val,upperVal,lowerVal,n_eff,Rhat
lp__,-5379.2047709980525,-5371.90181634903,-5389.445784497874,1745.6656677857702,1.0008557115874024
