param,val,upperVal,lowerVal,n_eff,Rhat
lp__,-5806.006564768957,-5798.787592624661,-5816.782521856874,1681.1006405256007,1.0008677454483692
