param,val,upperVal,lowerVal,n_eff,Rhat
lp__,-4657.870252305267,-4650.673739910309,-4667.946967881364,1791.6475161143026,0.9989696535367443
