param,val,upperVal,lowerVal,n_eff,Rhat
lp__,-5764.500914883625,-5757.353474754267,-5774.707883207663,1709.6834180155467,0.9991766214774842
