param,val,upperVal,lowerVal,n_eff,Rhat
lp__,-19172.1822982741,-19165.461654572013,-19181.880732167774,1751.727235592955,0.9986442655393425
