param,val,upperVal,lowerVal,n_eff,Rhat
lp__,-5767.3750456867465,-5760.217704133802,-5777.145674067441,1714.2337653708996,1.0013565367450241
