param,val,upperVal,lowerVal,n_eff,Rhat
lp__,-5359.982193059301,-5352.745031954753,-5370.135344747272,1491.5897842062275,0.9986233375485927
