param,val,upperVal,lowerVal,n_eff,Rhat
lp__,-5332.023295304718,-5325.005748065718,-5342.344486216402,1823.784718735057,1.0015776329631862
