param,val,upperVal,lowerVal,n_eff,Rhat
lp__,-5370.136133912992,-5363.043875528446,-5379.909657914237,1714.4666771783732,1.0019885060132043
