param,val,upperVal,lowerVal,n_eff,Rhat
lp__,-4730.700145145384,-4722.874466399299,-4741.189813032466,1435.8607181427517,1.0025174800846133
