param,val,upperVal,lowerVal,n_eff,Rhat
lp__,-5813.031724306209,-5805.447457918887,-5823.088262586123,1718.1767883468922,1.0002605266397988
