param,val,upperVal,lowerVal,n_eff,Rhat
lp__,-4658.9398293955055,-4651.433308022675,-4669.293691345591,1748.176451576512,1.002301593646032
