param,val,upperVal,lowerVal,n_eff,Rhat
lp__,-5354.769554676848,-5347.583141517988,-5365.07497275291,1826.3020426326973,0.9992624552282472
