param,val,upperVal,lowerVal,n_eff,Rhat
lp__,-4699.972144309617,-4692.82923658049,-4710.200594053722,1735.5627066834277,1.0020672415959184
