param,val,upperVal,lowerVal,n_eff,Rhat
lp__,-5790.165018408938,-5782.985785543978,-5799.934553313422,1609.3450044143453,1.0007241814231571
