param,val,upperVal,lowerVal,n_eff,Rhat
lp__,-301293.5586521189,-301286.619185874,-301303.3513051001,1465.879268709011,0.9999375127880221
