param,val,upperVal,lowerVal,n_eff,Rhat
lp__,-301444.1153864534,-301437.35311466455,-301453.2380603551,1564.103130185798,0.9986225131191869
