param,val,upperVal,lowerVal,n_eff,Rhat
lp__,-267762.2345568463,-267755.00973648665,-267771.80497007683,1599.0746010423725,0.9997320960815225
