param,val,upperVal,lowerVal,n_eff,Rhat
lp__,-267913.9885255761,-267907.14878595836,-267923.26794687967,1735.3925501123786,1.000591478685196
