param,val,upperVal,lowerVal,n_eff,Rhat
lp__,-5804.665533794023,-5797.731438188987,-5814.6483822375,1791.4925013185778,0.9995807539615386
