param,val,upperVal,lowerVal,n_eff,Rhat
lp__,-5796.4702712395065,-5789.219337044682,-5806.285146663126,1655.716853958029,0.9989108926023716
