param,val,upperVal,lowerVal,n_eff,Rhat
lp__,-275545.9586611043,-275538.8651130904,-275555.51486967434,1743.2384660949272,1.0016901662744335
