param,val,upperVal,lowerVal,n_eff,Rhat
lp__,-5799.54571089963,-5792.418353401763,-5809.63537621124,1754.3573319020272,1.0009200118613946
