param,val,upperVal,lowerVal,n_eff,Rhat
lp__,-5796.144945968232,-5788.695470584386,-5805.9024802766935,1884.9858311617245,0.9987976518296898
