param,val,upperVal,lowerVal,n_eff,Rhat
lp__,-5809.341970591082,-5802.373166554931,-5818.513777964038,1340.639758944395,1.0019542524011613
