param,val,upperVal,lowerVal,n_eff,Rhat
lp__,-5356.778541364303,-5349.751018121374,-5366.481832521157,1702.5525559828163,0.9994671160722403
