param,val,upperVal,lowerVal,n_eff,Rhat
lp__,-5385.523400148202,-5377.7589759279,-5396.087681401391,1647.2916425118597,0.9988141719742997
