param,val,upperVal,lowerVal,n_eff,Rhat
lp__,-5365.979638711273,-5358.909314904232,-5376.387835241888,1754.0282777689674,0.9987758282129303
