param,val,upperVal,lowerVal,n_eff,Rhat
lp__,-5365.750550919019,-5358.221909066655,-5375.018503330352,1737.5467647573037,0.9987543642880661
