param,val,upperVal,lowerVal,n_eff,Rhat
lp__,-4737.688441548129,-4730.54103396836,-4747.811521053466,1593.6422421393127,0.9991354399125134
