param,val,upperVal,lowerVal,n_eff,Rhat
lp__,-5781.093711860443,-5773.884486413347,-5790.98753250086,1384.0170147821946,0.9984771427919437
