param,val,upperVal,lowerVal,n_eff,Rhat
lp__,-5793.6132707589495,-5786.60489631362,-5803.95452592702,1597.2157771265904,0.9991040187851259
