param,val,upperVal,lowerVal,n_eff,Rhat
lp__,-5792.539376077766,-5785.119574541549,-5802.608142964185,1593.3985862676723,0.9984262461296762
