param,val,upperVal,lowerVal,n_eff,Rhat
lp__,-5365.636176519336,-5358.079237267684,-5376.194287247907,1616.371825588381,1.0017037635566803
