param,val,upperVal,lowerVal,n_eff,Rhat
lp__,-5798.3906605344655,-5791.034497942415,-5808.029982618067,1711.463352892626,1.0029254792513451
