param,val,upperVal,lowerVal,n_eff,Rhat
lp__,-4630.478700173826,-4623.4319992466,-4641.053708673465,1839.718065903615,1.0017902608043499
