param,val,upperVal,lowerVal,n_eff,Rhat
lp__,-5785.104080601479,-5778.064551391145,-5795.175997211976,1734.2793123986546,0.9989207040499327
