param,val,upperVal,lowerVal,n_eff,Rhat
lp__,-101307.66099362021,-101300.4326602729,-101317.25758902029,1757.0117292754524,1.0010951361861078
