param,val,upperVal,lowerVal,n_eff,Rhat
lp__,-5364.298794244602,-5356.872126012374,-5374.224095773392,1654.9940191714172,0.9995029336718608
