param,val,upperVal,lowerVal,n_eff,Rhat
lp__,-10194.771237194414,-10186.934800699977,-10205.137228082474,1509.9526197162572,0.9987618880441308
