param,val,upperVal,lowerVal,n_eff,Rhat
lp__,-303921.704693815,-303915.1372744459,-303931.55453152856,1671.7926195121618,0.9997128573735312
