param,val,upperVal,lowerVal,n_eff,Rhat
lp__,-303758.5407862131,-303751.43612830626,-303768.49102153955,1705.9981302223125,0.999466902735448
