param,val,upperVal,lowerVal,n_eff,Rhat
lp__,-5777.625147907951,-5770.9894830415005,-5787.9004832456185,1705.4887758976315,0.9984674743498755
