param,val,upperVal,lowerVal,n_eff,Rhat
lp__,-10018.862863417371,-10011.167741995836,-10029.596974595956,1684.150364673308,0.9989127793333397
