param,val,upperVal,lowerVal,n_eff,Rhat
lp__,-10205.555057300317,-10198.550289989742,-10215.573892095068,1822.2105551323586,0.99868423361848635
