param,val,upperVal,lowerVal,n_eff,Rhat
lp__,-7312.153710726296,-7304.912080621638,-7322.163072951175,1567.888529721832,1.0001009248955273
