param,val,upperVal,lowerVal,n_eff,Rhat
lp__,-5777.897426252384,-5770.731270897043,-5788.857604986415,1687.845375095505,1.0044052563470978
