param,val,upperVal,lowerVal,n_eff,Rhat
lp__,-7397.5634750831205,-7390.423631443757,-7407.346600392245,1357.3467418196042,0.9987417968570813
