param,val,upperVal,lowerVal,n_eff,Rhat
lp__,-5800.84759571882,-5793.62990120785,-5810.410054048587,1760.4638220660047,1.0001535233656291
