param,val,upperVal,lowerVal,n_eff,Rhat
lp__,-4631.461410446709,-4624.007081119369,-4641.445534917536,1542.2675642778138,1.0000723798371427
