param,val,upperVal,lowerVal,n_eff,Rhat
lp__,-5361.313659455367,-5354.047375444658,-5371.093728654714,1674.2366233758532,0.9983997844160167
