param,val,upperVal,lowerVal,n_eff,Rhat
lp__,-5801.740381164153,-5794.23659628208,-5811.402015435547,1783.4077698404274,1.0007086101455716
