param,val,upperVal,lowerVal,n_eff,Rhat
lp__,-5781.283233217553,-5774.197510569923,-5790.782613967772,1777.7268780613863,1.00052371123915
