param,val,upperVal,lowerVal,n_eff,Rhat
lp__,-4656.679272874234,-4649.227278291222,-4666.551656429829,1684.4490763986337,0.9998519222873274
