param,val,upperVal,lowerVal,n_eff,Rhat
lp__,-5338.50408222634,-5331.250129949329,-5348.548761044798,1850.115115149939,0.9994555925279343
