param,val,upperVal,lowerVal,n_eff,Rhat
lp__,-5378.104653188194,-5370.920319766545,-5387.908230807268,1456.7306056128539,0.9996080312786719
