param,val,upperVal,lowerVal,n_eff,Rhat
lp__,-5226.975849031844,-5219.003886866114,-5237.0850594364965,1518.1452989108864,0.998849051105794
