param,val,upperVal,lowerVal,n_eff,Rhat
lp__,-4631.028064253656,-4623.687336787325,-4640.7452078805245,1544.7295004966472,1.0010482639036526
