param,val,upperVal,lowerVal,n_eff,Rhat
lp__,-4621.3894813704765,-4613.923232015158,-4630.821234327101,1703.520465040418,1.0004399899201528
