param,val,upperVal,lowerVal,n_eff,Rhat
lp__,-7257.400284636651,-7250.3867949953765,-7267.1539256425785,1880.235712362471,0.9993020374353602
