param,val,upperVal,lowerVal,n_eff,Rhat
lp__,-5805.9121879996255,-5798.914131501732,-5815.806456687944,1417.8904362688738,0.999450757069815
