param,val,upperVal,lowerVal,n_eff,Rhat
lp__,-5322.573178006376,-5315.376511957584,-5332.389627438785,1322.9998056069594,1.0001570164926818
