param,val,upperVal,lowerVal,n_eff,Rhat
lp__,-282245.6569493975,-282238.954620713,-282255.6177018861,1781.4672146175778,1.000395238495402
