param,val,upperVal,lowerVal,n_eff,Rhat
lp__,-282095.1956857794,-282088.6641200596,-282104.65418607154,1825.048076919179,0.9990964651345166
