param,val,upperVal,lowerVal,n_eff,Rhat
lp__,-5367.034532398307,-5359.432856780503,-5377.14686301143,1755.8772638368969,0.9987780734431393
