param,val,upperVal,lowerVal,n_eff,Rhat
lp__,-7254.8171919337565,-7247.802260817203,-7264.5541853375735,1703.6067525350504,0.9988614152598206
