param,val,upperVal,lowerVal,n_eff,Rhat
lp__,-4634.154238290363,-4626.94803627995,-4643.459934918156,1628.0703013145283,0.9992294447803207
