param,val,upperVal,lowerVal,n_eff,Rhat
lp__,-4714.671955712235,-4707.36469584598,-4724.525543686901,1798.0937259898221,0.9991125333224489
