param,val,upperVal,lowerVal,n_eff,Rhat
lp__,-5336.45459715696,-5329.23752855874,-5346.5308570878915,1904.940355307817,0.9987247653338409
