param,val,upperVal,lowerVal,n_eff,Rhat
lp__,-5363.447576264516,-5356.660402748824,-5373.6380576423835,1703.3012038742304,1.0013052043044373
