param,val,upperVal,lowerVal,n_eff,Rhat
lp__,-5810.64138033503,-5803.636263971451,-5820.416144599496,1792.5996781453891,1.0018500502194922
