param,val,upperVal,lowerVal,n_eff,Rhat
lp__,-282095.4147831127,-282088.65874908515,-282104.7382112196,1573.754104667281,1.0022146761575177
