param,val,upperVal,lowerVal,n_eff,Rhat
lp__,-282245.6547388637,-282239.0773811785,-282254.5643532724,1665.7485498889469,1.0004686078099396
