param,val,upperVal,lowerVal,n_eff,Rhat
lp__,-5783.855468013759,-5776.755008732474,-5794.03008306154,1805.5278387109495,1.0003533385618262
