param,val,upperVal,lowerVal,n_eff,Rhat
lp__,-27641.011099581658,-27633.927928276484,-27650.627332411197,1733.7284265337414,1.0007394374048484
