param,val,upperVal,lowerVal,n_eff,Rhat
lp__,-27802.558912087738,-27795.659628706017,-27811.96346409267,1732.6884875534522,0.9993195621351397
