param,val,upperVal,lowerVal,n_eff,Rhat
lp__,-312210.273987905,-312203.87085949356,-312219.5638385057,1788.5265237163449,1.0007211879762121
