param,val,upperVal,lowerVal,n_eff,Rhat
lp__,-5800.187398298263,-5793.27909228171,-5810.237498956693,1765.1381327628717,0.9996575654311372
