param,val,upperVal,lowerVal,n_eff,Rhat
lp__,-4674.898073273629,-4667.619730594468,-4684.735170663558,1681.2717707310321,0.9990985901770059
