param,val,upperVal,lowerVal,n_eff,Rhat
lp__,-5591.082227560448,-5583.96230917486,-5601.0754006224915,1780.2717009168116,1.000431116052073
