param,val,upperVal,lowerVal,n_eff,Rhat
lp__,-4731.083935547473,-4723.751678389075,-4740.41268664692,1603.5434485501028,0.9997941138497316
