param,val,upperVal,lowerVal,n_eff,Rhat
lp__,-5336.763610384383,-5329.705832031042,-5347.65789435647,1811.7855841988587,1.0006311958432994
