param,val,upperVal,lowerVal,n_eff,Rhat
lp__,-5798.0146856507945,-5790.591330968816,-5808.236071514911,1497.986308092979,1.0007453323497804
