param,val,upperVal,lowerVal,n_eff,Rhat
lp__,-5641.69793596059,-5634.240920814995,-5652.402952362128,1687.4039489697193,1.0007759448862035
