param,val,upperVal,lowerVal,n_eff,Rhat
lp__,-5791.242737873287,-5784.245792897345,-5801.37102054265,1752.6137229848418,0.9996336372069751
