param,val,upperVal,lowerVal,n_eff,Rhat
lp__,-282285.074365215,-282278.66405566013,-282294.596483648,1783.914267956325,1.0000989031639935
