param,val,upperVal,lowerVal,n_eff,Rhat
lp__,-282134.55134631245,-282127.7322869279,-282144.3856416717,1771.4935741641498,1.0017574136541196
