param,val,upperVal,lowerVal,n_eff,Rhat
lp__,-7281.870250027496,-7274.366318189941,-7291.763974077029,1840.175852282556,1.0006048324001653
