param,val,upperVal,lowerVal,n_eff,Rhat
lp__,-4647.866901079195,-4641.1524130576,-4658.07374969138,1737.3312189079509,1.0005731184311164
