param,val,upperVal,lowerVal,n_eff,Rhat
lp__,-5782.752851614607,-5775.022977109696,-5792.754709605574,1694.0982410631798,1.001685288990849
