param,val,upperVal,lowerVal,n_eff,Rhat
lp__,-282146.76194121595,-282140.1784463088,-282156.4649314629,1692.7476655379846,0.9987543931201859
