param,val,upperVal,lowerVal,n_eff,Rhat
lp__,-5354.452001997432,-5347.103488161558,-5364.351136228428,1548.1662650190183,1.002057108570487
