param,val,upperVal,lowerVal,n_eff,Rhat
lp__,-7282.4414772860555,-7275.315368596518,-7292.220766048438,1649.3383078301856,1.0002507774999638
