param,val,upperVal,lowerVal,n_eff,Rhat
lp__,-304111.76024522865,-304104.91478090326,-304121.0862865547,1658.6204533850246,1.0004114717664938
