param,val,upperVal,lowerVal,n_eff,Rhat
lp__,-303948.2775398101,-303941.4395783029,-303957.8850846944,1482.037508257022,0.999733515882848
