param,val,upperVal,lowerVal,n_eff,Rhat
lp__,-5366.252515752623,-5358.986530831653,-5376.813212811023,1571.8694422338065,1.0017270822352162
