param,val,upperVal,lowerVal,n_eff,Rhat
lp__,-5333.974011344651,-5327.36913936297,-5344.221004418423,1737.0455202917813,1.0014859774712417
