param,val,upperVal,lowerVal,n_eff,Rhat
lp__,-5796.025635679088,-5788.962637346226,-5806.801070843714,1633.3722014542561,1.00002351002903
