param,val,upperVal,lowerVal,n_eff,Rhat
lp__,-5323.730018118022,-5316.44100002985,-5334.178511467867,1318.0933822841064,1.0021508895720976
