param,val,upperVal,lowerVal,n_eff,Rhat
lp__,-313968.95312265406,-313962.39813824784,-313978.9492363347,1586.984133059426,0.999215571196533
