param,val,upperVal,lowerVal,n_eff,Rhat
lp__,-282134.4472777421,-282127.7248183692,-282144.4864547288,1639.8062476638238,0.9988841893808434
