param,val,upperVal,lowerVal,n_eff,Rhat
lp__,-5369.14399823691,-5361.663730571935,-5379.4346772118215,1620.5057773775236,1.0012781244573135
