param,val,upperVal,lowerVal,n_eff,Rhat
lp__,-5321.926353753293,-5315.2533399837785,-5332.158475103063,1749.4047363462764,0.9983155120343082
