param,val,upperVal,lowerVal,n_eff,Rhat
lp__,-282259.6851057359,-282253.07611849514,-282269.3447933349,1719.9666074887894,0.9985225412994791
