param,val,upperVal,lowerVal,n_eff,Rhat
lp__,-282109.4222824464,-282102.6964866023,-282119.1867686773,1630.3660863487,0.9986490047643152
