param,val,upperVal,lowerVal,n_eff,Rhat
lp__,-5337.3850271022,-5330.0078072994675,-5347.758806052032,1604.8218390874788,0.9994234888872932
