param,val,upperVal,lowerVal,n_eff,Rhat
lp__,-100497.66599291371,-100490.75869342816,-100507.30406863347,1861.1061384669224,1.0023795090368584
