param,val,upperVal,lowerVal,n_eff,Rhat
lp__,-100803.25945325039,-100796.66281544989,-100812.80076731119,1769.7390107409053,0.9993000752766629
