param,val,upperVal,lowerVal,n_eff,Rhat
lp__,-267691.65402206796,-267685.07512748963,-267700.87531737087,1551.3668257790112,0.9999956088251827
