param,val,upperVal,lowerVal,n_eff,Rhat
lp__,-5771.596479825923,-5764.355306314078,-5781.38234233507,1745.4364596451355,0.9997572483826066
