param,val,upperVal,lowerVal,n_eff,Rhat
lp__,-5614.892232505012,-5607.17988846983,-5624.898703417524,1652.197496355146,0.9989949018205517
