param,val,upperVal,lowerVal,n_eff,Rhat
lp__,-280357.27240524045,-280350.6368607777,-280366.78462352173,1603.3476452989078,1.0003096532745253
