param,val,upperVal,lowerVal,n_eff,Rhat
lp__,-5804.696056053706,-5797.543684764244,-5814.320006166421,1685.8710458499354,0.9994517152678392
