param,val,upperVal,lowerVal,n_eff,Rhat
lp__,-4737.800657670632,-4730.427989980157,-4749.201983758332,1763.5872279412677,1.0021583755737176
