param,val,upperVal,lowerVal,n_eff,Rhat
lp__,-7261.444263357558,-7254.514656021825,-7271.515318368611,1647.0283801198102,0.9984782759963847
