param,val,upperVal,lowerVal,n_eff,Rhat
lp__,-5771.714464460623,-5764.329324323841,-5781.579684228628,1490.8509646168125,0.998790414777308
