param,val,upperVal,lowerVal,n_eff,Rhat
lp__,-5800.512111772332,-5793.309553467209,-5810.462123910125,1777.0676889453841,1.0023510806340938
