param,val,upperVal,lowerVal,n_eff,Rhat
lp__,-5356.853151834728,-5349.649552258202,-5367.19413558998,1644.7965427512547,1.0007746060660156
