param,val,upperVal,lowerVal,n_eff,Rhat
lp__,-5324.4546337206375,-5317.236104963118,-5335.074076463134,1716.6092969159172,0.999433262986028
