param,val,upperVal,lowerVal,n_eff,Rhat
lp__,-5797.480749610979,-5790.51295086362,-5807.049727149136,1872.2171086371368,1.0002523319266488
