param,val,upperVal,lowerVal,n_eff,Rhat
lp__,-5798.769920581812,-5791.636363380192,-5808.867478620556,1670.1009200964593,1.0011593205950922
