param,val,upperVal,lowerVal,n_eff,Rhat
lp__,-5357.955062890993,-5350.673266678773,-5367.4391443720215,1661.4510095661637,0.9999382087501383
