param,val,upperVal,lowerVal,n_eff,Rhat
lp__,-4684.667976232264,-4677.467667048854,-4694.910190947807,1785.2275077889722,0.9990941968671746
