param,val,upperVal,lowerVal,n_eff,Rhat
lp__,-4752.886630738403,-4745.91226661871,-4763.016646332279,1748.0176822391622,0.9990354927433227
