param,val,upperVal,lowerVal,n_eff,Rhat
lp__,-4657.611240715612,-4650.738270115781,-4667.306282965617,1759.1144889697318,0.9993039131559122
