param,val,upperVal,lowerVal,n_eff,Rhat
lp__,-5370.261836500761,-5363.275127746479,-5380.481551895543,1754.882056601328,0.9991661552436965
