param,val,upperVal,lowerVal,n_eff,Rhat
lp__,-5779.8105747102545,-5772.658989755358,-5789.630877683155,1565.1696277864337,0.9989339493115443
