param,val,upperVal,lowerVal,n_eff,Rhat
lp__,-5368.723245508798,-5361.387583909585,-5378.822067899167,1601.5882965624903,0.999501990850831
