param,val,upperVal,lowerVal,n_eff,Rhat
lp__,-5769.647318277352,-5762.931663268993,-5779.626557565228,1534.6069748160608,1.002120341082088
