param,val,upperVal,lowerVal,n_eff,Rhat
lp__,-5769.393725839589,-5762.281327207156,-5779.677322062175,1691.1718817104986,0.9985170289307908
