param,val,upperVal,lowerVal,n_eff,Rhat
lp__,-5366.163613644609,-5359.222526309687,-5376.279462853494,1747.761071946419,0.9997403268898132
