param,val,upperVal,lowerVal,n_eff,Rhat
lp__,-5789.182008223194,-5782.138453085514,-5798.891548750081,1578.3209305973592,1.0000264535500631
