param,val,upperVal,lowerVal,n_eff,Rhat
lp__,-5788.816053841005,-5781.774181015466,-5798.108110524512,1586.2077405373234,0.9997024545594908
