param,val,upperVal,lowerVal,n_eff,Rhat
lp__,-7361.686259830749,-7354.732036337607,-7371.340400772668,1772.814465178715,0.9987818975956869
