param,val,upperVal,lowerVal,n_eff,Rhat
lp__,-298406.18826173287,-298399.8361893609,-298415.7070706197,1718.9794667389513,1.0003998883035488
