param,val,upperVal,lowerVal,n_eff,Rhat
lp__,-298558.4230011478,-298551.63598893315,-298567.4343628703,1629.0313222548875,0.9982047543346048
