param,val,upperVal,lowerVal,n_eff,Rhat
lp__,-5794.463973344227,-5787.406816467408,-5804.696662473598,1705.1311731343285,1.0012227088229555
