param,val,upperVal,lowerVal,n_eff,Rhat
lp__,-5798.3349368403315,-5791.004944710352,-5808.5724593968935,1690.3230458699156,0.9986980789664209
