param,val,upperVal,lowerVal,n_eff,Rhat
lp__,-5371.031152723033,-5363.722783327708,-5380.949668588414,1699.2263095467624,0.9997383014637113
