param,val,upperVal,lowerVal,n_eff,Rhat
lp__,-99629.87130626025,-99622.60718048853,-99639.46749244243,1592.6428137732894,1.00085806506752
