param,val,upperVal,lowerVal,n_eff,Rhat
lp__,-99779.51885109759,-99772.37343296781,-99788.97852538072,1717.5693806914235,0.9993425802238407
