param,val,upperVal,lowerVal,n_eff,Rhat
lp__,-5782.767632921792,-5775.33643760594,-5792.77319981165,1721.1345395191224,0.9995607766787051
