param,val,upperVal,lowerVal,n_eff,Rhat
lp__,-5336.79305800779,-5329.132855075038,-5346.506854320178,1734.112083360833,1.0010946638848837
