param,val,upperVal,lowerVal,n_eff,Rhat
lp__,-5356.196349162734,-5349.245923916238,-5366.053338423195,1593.533563741517,1.00062843406757
