param,val,upperVal,lowerVal,n_eff,Rhat
lp__,-291105.04068105115,-291098.07814290817,-291114.848008274,1606.72253910275,1.0008238476957838
