param,val,upperVal,lowerVal,n_eff,Rhat
lp__,-5803.595807016681,-5796.5963353356065,-5813.635874451528,1719.9152116311136,0.9990393282297347
