param,val,upperVal,lowerVal,n_eff,Rhat
lp__,-5805.6669514128635,-5798.554050813627,-5816.0374555097815,1701.9010780000767,1.001047175112944
