param,val,upperVal,lowerVal,n_eff,Rhat
lp__,-280199.9546946549,-280193.1343927763,-280209.71161043504,1621.2069403994424,0.9994387719659619
