param,val,upperVal,lowerVal,n_eff,Rhat
lp__,-301169.6030734923,-301163.1540427108,-301178.64138766204,1756.1908751856474,0.9988695278643056
