param,val,upperVal,lowerVal,n_eff,Rhat
lp__,-5323.403950042291,-5316.249355600529,-5333.471618145832,1829.23498204931,1.0004870217279094
