param,val,upperVal,lowerVal,n_eff,Rhat
lp__,-5357.665175133039,-5350.367695495109,-5367.8536831302445,1603.4707183523044,0.9998266531281856
