param,val,upperVal,lowerVal,n_eff,Rhat
lp__,-282088.3224800592,-282081.3300192839,-282097.42271872313,1816.8864709305708,0.9982060600156892
