param,val,upperVal,lowerVal,n_eff,Rhat
lp__,-5358.443540747752,-5351.039343260538,-5368.596477774999,1705.5345532728384,0.9993798860587962
