param,val,upperVal,lowerVal,n_eff,Rhat
lp__,-4753.10780964853,-4745.644951114091,-4762.505276942456,1548.3773785179956,1.0018560480514755
