param,val,upperVal,lowerVal,n_eff,Rhat
lp__,-4789.206144752333,-4781.932272136503,-4798.84929182498,1487.9343448810337,0.9994719312197476
