param,val,upperVal,lowerVal,n_eff,Rhat
lp__,-5326.300473652986,-5319.293932170708,-5336.437117799286,1718.951456669483,0.9991352414445098
