param,val,upperVal,lowerVal,n_eff,Rhat
lp__,-282243.1693501605,-282237.6960071488,-282251.6727839294,1673.4674213975395,0.9990721004840201
