param,val,upperVal,lowerVal,n_eff,Rhat
lp__,-282139.1158382607,-282133.91911096114,-282147.4738052668,1627.842336647605,0.9998411906889684
