param,val,upperVal,lowerVal,n_eff,Rhat
lp__,-5806.906196768827,-5799.903006636005,-5816.605200981016,1489.1310485868412,0.9989461989771635
