param,val,upperVal,lowerVal,n_eff,Rhat
lp__,-282148.17585238453,-282141.56938660936,-282157.61425687565,1466.459598013507,0.9995430993455411
