param,val,upperVal,lowerVal,n_eff,Rhat
lp__,-5366.532678870257,-5359.224163019095,-5376.179920265756,1683.2917337710178,1.0001235784591582
