param,val,upperVal,lowerVal,n_eff,Rhat
lp__,-7288.178372833749,-7281.431765994274,-7298.035780336247,1671.846339413345,0.9997197833270501
