param,val,upperVal,lowerVal,n_eff,Rhat
lp__,-5367.350160455506,-5360.049618521028,-5376.764640657136,1598.3677134407328,0.9995550339134129
