param,val,upperVal,lowerVal,n_eff,Rhat
lp__,-5780.226904671136,-5773.097628177358,-5790.263703256018,1611.5863544812923,0.9981174599686127
