param,val,upperVal,lowerVal,n_eff,Rhat
lp__,-5460.649560450904,-5452.646208104316,-5471.371428345503,1583.9727543482745,0.9992125735221876
