param,val,upperVal,lowerVal,n_eff,Rhat
lp__,-5613.349502629403,-5606.693330913305,-5622.945901335556,1676.5149110123098,1.000118595201791
