param,val,upperVal,lowerVal,n_eff,Rhat
lp__,-5781.155693745033,-5773.784169744829,-5790.6416520001185,1553.3390377625321,1.0004670571600545
