param,val,upperVal,lowerVal,n_eff,Rhat
lp__,-5358.5392546154635,-5351.383927283732,-5368.5064693775275,1637.780075047569,1.0000828155802504
