param,val,upperVal,lowerVal,n_eff,Rhat
lp__,-4694.627434670814,-4687.518122595665,-4704.08563170694,1750.4539906625491,1.0012773089887543
