param,val,upperVal,lowerVal,n_eff,Rhat
lp__,-4656.475639336021,-4649.109652021756,-4666.366728393254,1682.6005611952075,1.0003453980095436
