param,val,upperVal,lowerVal,n_eff,Rhat
lp__,-5367.974173930196,-5360.552995782996,-5377.510945386442,1737.4593249290572,1.0001468409501433
