param,val,upperVal,lowerVal,n_eff,Rhat
lp__,-282297.1777504715,-282290.29449190944,-282306.1205577269,1827.1789237856278,0.9990338272990243
