param,val,upperVal,lowerVal,n_eff,Rhat
lp__,-282146.80086633953,-282140.0793369364,-282156.33338389,1827.3010801771427,1.0009132945896417
