param,val,upperVal,lowerVal,n_eff,Rhat
lp__,-7102.726562094067,-7095.007952374356,-7113.532042318857,1568.5878660153307,1.0013298716145076
