param,val,upperVal,lowerVal,n_eff,Rhat
lp__,-5779.67823060996,-5772.433530047656,-5789.513452421462,1623.5870563404133,1.001293179089884
