param,val,upperVal,lowerVal,n_eff,Rhat
lp__,-5358.400804371239,-5351.067732891007,-5368.151185106682,1660.2117685579562,0.9993044091531795
