param,val,upperVal,lowerVal,n_eff,Rhat
lp__,-5800.445356516717,-5793.474021225184,-5810.379118391676,1654.6259076345025,1.0003589637046493
