param,val,upperVal,lowerVal,n_eff,Rhat
lp__,-5327.299106724442,-5319.953359352446,-5336.727421398704,1680.8672071112194,0.9982397704903591
