param,val,upperVal,lowerVal,n_eff,Rhat
lp__,-4684.495511003357,-4676.9407549582475,-4695.091293696165,1758.3832467461339,1.00045600589243
