param,val,upperVal,lowerVal,n_eff,Rhat
lp__,-275393.60301969707,-275386.903265768,-275403.7203504055,1596.6099820375737,1.002372123793968
