param,val,upperVal,lowerVal,n_eff,Rhat
lp__,-5335.270863026917,-5328.11514037095,-5345.714005619055,1683.19805661584,0.9993120165825039
