param,val,upperVal,lowerVal,n_eff,Rhat
lp__,-298955.93485975533,-298949.0288278713,-298965.5970325379,1478.836108760804,1.0001183241881566
