param,val,upperVal,lowerVal,n_eff,Rhat
lp__,-298790.36479016196,-298783.7636538207,-298799.8544950778,1730.5604481472258,1.0037478467912242
