param,val,upperVal,lowerVal,n_eff,Rhat
lp__,-7345.297342159742,-7338.033021687677,-7355.046233369999,1614.988306255997,1.0010332639410022
