param,val,upperVal,lowerVal,n_eff,Rhat
lp__,-7242.380259316492,-7235.462896007505,-7252.352467171193,1766.0272680626563,1.0022270506834952
