param,val,upperVal,lowerVal,n_eff,Rhat
lp__,-5354.101320781401,-5347.017571701079,-5363.563268982425,1805.7326498570017,1.0026943328518134
