param,val,upperVal,lowerVal,n_eff,Rhat
lp__,-5821.755939576902,-5814.317856271062,-5831.058615964892,1673.6434104794055,0.9998570192001185
