param,val,upperVal,lowerVal,n_eff,Rhat
lp__,-267890.87036664295,-267883.839578482,-267899.9751754429,1642.536311011364,0.9999444626822328
