param,val,upperVal,lowerVal,n_eff,Rhat
lp__,-5811.365712482407,-5804.532279439896,-5821.705590798575,1557.3607704109463,0.9997875407569963
