param,val,upperVal,lowerVal,n_eff,Rhat
lp__,-5795.6216850918145,-5788.554188733901,-5805.606011917984,1536.5211804748399,1.0002342642578639
