param,val,upperVal,lowerVal,n_eff,Rhat
lp__,-5340.772809998605,-5333.7036531627455,-5351.292190207312,1692.3036864217272,1.0016148687886206
