param,val,upperVal,lowerVal,n_eff,Rhat
lp__,-5787.589667664904,-5780.510585687377,-5797.703230382522,1630.9275045336542,0.9995484873549487
