param,val,upperVal,lowerVal,n_eff,Rhat
lp__,-5357.179045129016,-5349.86859469896,-5367.372889467567,1646.6798123047545,1.0021123493087305
