param,val,upperVal,lowerVal,n_eff,Rhat
lp__,-8475.504047567692,-8468.46659207987,-8485.621956241208,1717.3692372092426,0.9996641243696248
