param,val,upperVal,lowerVal,n_eff,Rhat
lp__,-5333.004778344715,-5326.089667146012,-5343.470629376873,1720.2461938059616,0.9978936458131721
