param,val,upperVal,lowerVal,n_eff,Rhat
lp__,-313864.1430878837,-313857.44069209,-313873.71153046424,1928.0564002714436,0.9990966091686672
