param,val,upperVal,lowerVal,n_eff,Rhat
lp__,-5777.082869051608,-5769.726382568712,-5786.368112855918,1780.9959959430007,1.0000220448379642
