param,val,upperVal,lowerVal,n_eff,Rhat
lp__,-43501.641106561816,-43494.454710720536,-43511.53724551615,1454.94955035997,0.999976405929361
