param,val,upperVal,lowerVal,n_eff,Rhat
lp__,-43662.50544223847,-43655.606939785466,-43672.02519006164,1744.8075694048357,1.0003075229442253
