param,val,upperVal,lowerVal,n_eff,Rhat
lp__,-298975.21286987374,-298968.4364512171,-298984.6926713272,1755.2456787954516,1.0016276020081416
