param,val,upperVal,lowerVal,n_eff,Rhat
lp__,-298810.13091972645,-298802.9112235277,-298820.4913941996,1583.9798321580984,1.0000461098726632
