param,val,upperVal,lowerVal,n_eff,Rhat
lp__,-5818.575763730555,-5811.365794473893,-5829.224297765155,1618.9255117332061,1.0022290281506983
