param,val,upperVal,lowerVal,n_eff,Rhat
lp__,-5358.5280686433325,-5351.207924509285,-5368.0283175292125,1642.5933032197545,1.000572735277736
