param,val,upperVal,lowerVal,n_eff,Rhat
lp__,-267568.01959677896,-267561.38545098976,-267577.76952492335,1651.2604472176645,1.002828827079739
