param,val,upperVal,lowerVal,n_eff,Rhat
lp__,-282238.36955386656,-282231.7105834234,-282247.9531162909,1500.1119453156737,1.0008158373438347
