param,val,upperVal,lowerVal,n_eff,Rhat
lp__,-5792.140576950226,-5784.758830274826,-5801.7671676860145,1671.8334196030594,0.9995507999013888
