param,val,upperVal,lowerVal,n_eff,Rhat
lp__,-5367.232587450628,-5359.843856525018,-5377.261386317804,1714.1373705661151,0.998430264418014
