param,val,upperVal,lowerVal,n_eff,Rhat
lp__,-299162.5868963316,-299155.6126930886,-299172.52796394465,1574.434286920251,0.9990113206981264
