param,val,upperVal,lowerVal,n_eff,Rhat
lp__,-7317.02973555521,-7309.663656903086,-7326.935272793464,1658.269702025106,1.0004271407766
