param,val,upperVal,lowerVal,n_eff,Rhat
lp__,-5814.24580399337,-5807.128352224543,-5823.915572052431,1727.068765586717,0.9985498919879329
