param,val,upperVal,lowerVal,n_eff,Rhat
lp__,-5795.692167827034,-5788.760550692075,-5805.578499954767,1649.6820982634888,1.0009144611948269
