param,val,upperVal,lowerVal,n_eff,Rhat
lp__,-18323.266362702914,-18316.24574269493,-18332.517773756328,1567.363210423753,0.999326658289701
