param,val,upperVal,lowerVal,n_eff,Rhat
lp__,-18485.311740699915,-18478.624892537453,-18494.125990781562,1865.110108799386,0.9986440982404216
