param,val,upperVal,lowerVal,n_eff,Rhat
lp__,-5323.547770587233,-5316.239128738437,-5332.940353817155,1825.4931321663375,0.9985330574885846
