param,val,upperVal,lowerVal,n_eff,Rhat
lp__,-7361.491599813637,-7354.313636088285,-7371.461067427271,1754.5470203489774,1.0032602816236764
