param,val,upperVal,lowerVal,n_eff,Rhat
lp__,-5362.158754866131,-5355.026935482047,-5372.669222375606,1738.7605310762322,1.0001754352535466
