param,val,upperVal,lowerVal,n_eff,Rhat
lp__,-5365.8531502638625,-5358.493000463103,-5375.83412392593,1654.4235715238456,0.9987763654451304
