param,val,upperVal,lowerVal,n_eff,Rhat
lp__,-100928.69179691226,-100921.70097740802,-100938.3211991519,1788.652201489248,0.9999679527006473
