param,val,upperVal,lowerVal,n_eff,Rhat
lp__,-101120.54496509519,-101113.8094574859,-101129.85451234775,1658.638156611347,1.0008300509593286
