param,val,upperVal,lowerVal,n_eff,Rhat
lp__,-26359.42447940165,-26351.881506824106,-26369.82338930793,1852.0189826733674,0.9991516055028405
