param,val,upperVal,lowerVal,n_eff,Rhat
lp__,-5336.265393711288,-5328.875648515667,-5346.244918011775,1704.823277780485,1.0032337549806567
