param,val,upperVal,lowerVal,n_eff,Rhat
lp__,-5766.325107437233,-5759.384102448728,-5776.631778045568,1671.1957071688178,1.0018770982646055
