param,val,upperVal,lowerVal,n_eff,Rhat
lp__,-5352.692711505155,-5345.099708936142,-5362.4711120786205,1758.7930150694804,1.0006745749743946
