param,val,upperVal,lowerVal,n_eff,Rhat
lp__,-5371.769385525433,-5364.643833477972,-5381.844232935238,1495.0999577683037,1.0008757414185967
