param,val,upperVal,lowerVal,n_eff,Rhat
lp__,-5371.19085433219,-5363.755163884432,-5381.746188014414,1598.3093260676735,1.0030314707600847
