param,val,upperVal,lowerVal,n_eff,Rhat
lp__,-5338.753761258963,-5331.559088041768,-5348.655525228218,1559.7968441699668,1.0006599689748759
