param,val,upperVal,lowerVal,n_eff,Rhat
lp__,-5790.787808647308,-5783.468288722938,-5800.338750606839,1713.8115125850677,1.000976101215737
