param,val,upperVal,lowerVal,n_eff,Rhat
lp__,-4769.7570554194335,-4762.567851378233,-4779.380480841552,1645.0847551366833,1.002358528037609
