param,val,upperVal,lowerVal,n_eff,Rhat
lp__,-5366.428978964423,-5359.524551042877,-5376.505040456838,1745.598998743721,1.000377006148955
