param,val,upperVal,lowerVal,n_eff,Rhat
lp__,-5508.40458232612,-5500.885628393499,-5517.918782952271,1721.0690094178167,0.9995777188437716
