param,val,upperVal,lowerVal,n_eff,Rhat
lp__,-7259.534736008398,-7252.335398789161,-7269.89208458863,1729.3867669072004,1.0007600420448473
