param,val,upperVal,lowerVal,n_eff,Rhat
lp__,-5789.520457249233,-5781.903921634865,-5798.767255461117,1963.5962596059894,0.9997069058923365
