param,val,upperVal,lowerVal,n_eff,Rhat
lp__,-5790.644378484254,-5783.3900983064395,-5799.961298028928,1765.3439214572943,0.9986612537371695
