param,val,upperVal,lowerVal,n_eff,Rhat
lp__,-5367.472948362558,-5360.107728768226,-5377.834462875374,1844.8460880248963,0.9997367090818522
