param,val,upperVal,lowerVal,n_eff,Rhat
lp__,-5353.223461928585,-5346.014238691295,-5363.077155176659,1825.2863105031279,1.0005104826711848
