param,val,upperVal,lowerVal,n_eff,Rhat
lp__,-5363.354834747472,-5356.395541173637,-5373.363559826832,1733.8646558518283,0.9994150848293928
