param,val,upperVal,lowerVal,n_eff,Rhat
lp__,-5804.985835500271,-5797.934660531416,-5814.977270195542,1793.4105608712257,0.999696658988406
