param,val,upperVal,lowerVal,n_eff,Rhat
lp__,-5801.349420893197,-5794.069038229178,-5811.3052651266125,1688.0992647386915,0.998750693618602
