param,val,upperVal,lowerVal,n_eff,Rhat
lp__,-282265.3450065906,-282258.63617395354,-282274.89624323905,1755.8166632339926,0.9992974167709
