param,val,upperVal,lowerVal,n_eff,Rhat
lp__,-5396.6410213429845,-5389.0118116918275,-5406.800269783959,1595.4989822255584,1.0000048460104536
