param,val,upperVal,lowerVal,n_eff,Rhat
lp__,-5816.827175849971,-5809.497403063025,-5826.314898409184,1764.5820630417331,0.9982950428174531
