param,val,upperVal,lowerVal,n_eff,Rhat
lp__,-5327.729186670217,-5320.536996810006,-5337.000189990773,1669.099508742686,1.000090760759017
