param,val,upperVal,lowerVal,n_eff,Rhat
lp__,-7271.460370336272,-7264.289580296198,-7281.010205655314,1516.634268528925,1.0002543951993224
