param,val,upperVal,lowerVal,n_eff,Rhat
lp__,-5515.176449994251,-5508.192333221659,-5525.951991575069,1735.323418727825,0.9998567266765479
