param,val,upperVal,lowerVal,n_eff,Rhat
lp__,-7257.417898300378,-7250.331510532553,-7266.851942099696,1517.2887867740765,0.9984968934838285
