param,val,upperVal,lowerVal,n_eff,Rhat
lp__,-5797.737962125908,-5790.385538026491,-5807.3682462724755,1497.672793397954,1.0001225153129447
