param,val,upperVal,lowerVal,n_eff,Rhat
lp__,-312196.2407206154,-312189.40096820734,-312205.5178299424,1621.313687376938,0.9991523308179605
