param,val,upperVal,lowerVal,n_eff,Rhat
lp__,-312047.0396113795,-312040.13376627536,-312056.3266672199,1795.4008955925979,0.9986837924449983
