param,val,upperVal,lowerVal,n_eff,Rhat
lp__,-5360.821218979594,-5353.559106379419,-5370.510795787374,1707.3313379807257,1.0022200085123283
