param,val,upperVal,lowerVal,n_eff,Rhat
lp__,-5815.629637600061,-5808.294584339565,-5825.922110480407,1607.7037063461762,1.0005614153708995
