param,val,upperVal,lowerVal,n_eff,Rhat
lp__,-4621.840143760529,-4614.904181240584,-4632.187176771676,1668.1358521141028,0.9979751314684251
