param,val,upperVal,lowerVal,n_eff,Rhat
lp__,-5341.976370537421,-5334.877588343333,-5351.526107454061,1397.6773057350504,1.0003564430764427
