param,val,upperVal,lowerVal,n_eff,Rhat
lp__,-105004.68448654248,-104997.05512184363,-105015.06123980838,1521.6735633065655,1.0032036672214868
