param,val,upperVal,lowerVal,n_eff,Rhat
lp__,-5382.277520554819,-5375.575950887885,-5392.159032658169,1799.597277780721,0.9998093491141026
