param,val,upperVal,lowerVal,n_eff,Rhat
lp__,-298384.031621799,-298377.494228246,-298393.51935267675,1548.3040457261022,0.9998375554501692
