param,val,upperVal,lowerVal,n_eff,Rhat
lp__,-282085.4771773464,-282078.39195447124,-282094.7959491986,1677.0196691423628,0.9999673018191776
