param,val,upperVal,lowerVal,n_eff,Rhat
lp__,-7426.307966117494,-7418.858678744941,-7436.3497381752395,1655.069772957304,1.0007068258953746
