param,val,upperVal,lowerVal,n_eff,Rhat
lp__,-267705.87144690566,-267699.13459930645,-267715.40311829874,1767.1228044114062,0.9994589247674662
