param,val,upperVal,lowerVal,n_eff,Rhat
lp__,-4621.641244746163,-4614.809273389576,-4631.14442635489,1698.2163005940918,0.9999677562669324
