param,val,upperVal,lowerVal,n_eff,Rhat
lp__,-5786.49240043094,-5779.196460042268,-5796.736783589009,1649.3867315828936,1.001287909694787
