param,val,upperVal,lowerVal,n_eff,Rhat
lp__,-5791.421463143968,-5784.185853629396,-5801.446439868215,1480.1695383798078,1.0029172366357493
