param,val,upperVal,lowerVal,n_eff,Rhat
lp__,-301193.59844790865,-301186.72406149795,-301203.28774565563,1590.6544699375097,0.9994773337958622
