param,val,upperVal,lowerVal,n_eff,Rhat
lp__,-5328.732145537291,-5321.315184300718,-5338.366815078644,1680.3829913953382,0.999687749907075
