param,val,upperVal,lowerVal,n_eff,Rhat
lp__,-5767.374493877722,-5760.217892449686,-5777.567205618778,1846.2521744043006,1.0041206318929154
