param,val,upperVal,lowerVal,n_eff,Rhat
lp__,-5362.19083801188,-5355.338748345063,-5371.880660989044,1622.2538830528674,1.0036785031729136
