param,val,upperVal,lowerVal,n_eff,Rhat
lp__,-4722.611652226862,-4715.496148029224,-4732.490041603625,1643.8288884285807,1.0016694439856613
