param,val,upperVal,lowerVal,n_eff,Rhat
lp__,-5493.303476295116,-5485.240845436587,-5503.711915903157,1410.5077707037237,1.0009713980418566
