param,val,upperVal,lowerVal,n_eff,Rhat
lp__,-5655.103956962656,-5647.560891073762,-5665.0045153966375,1480.4279986645713,0.9998010756524038
