param,val,upperVal,lowerVal,n_eff,Rhat
lp__,-5783.566547950216,-5776.326045364342,-5793.5583047440805,1800.236898308267,0.9989020647034359
