param,val,upperVal,lowerVal,n_eff,Rhat
lp__,-275602.51238075737,-275596.1478672084,-275612.80922802986,1679.1941214830526,1.000517625624284
