param,val,upperVal,lowerVal,n_eff,Rhat
lp__,-10116.939941485729,-10110.103045195387,-10126.8485968544,1862.1989485386848,1.0008292045481615
