param,val,upperVal,lowerVal,n_eff,Rhat
lp__,-9944.87030549027,-9936.855767972384,-9955.086388125063,1698.1067564775337,1.0036385315583278
