param,val,upperVal,lowerVal,n_eff,Rhat
lp__,-5786.214913364964,-5778.664252303845,-5796.128047823096,1687.6682574635483,1.0017962482311276
