param,val,upperVal,lowerVal,n_eff,Rhat
lp__,-5332.134717413757,-5324.555741541532,-5342.091083644075,1796.4657245714518,0.9990872163040613
