param,val,upperVal,lowerVal,n_eff,Rhat
lp__,-282180.5808426285,-282175.49267218815,-282188.3633331208,1601.2610183225472,1.000091888508583
