param,val,upperVal,lowerVal,n_eff,Rhat
lp__,-282075.02551701176,-282068.46919044195,-282084.2957259139,1410.8793664589182,1.0013024170801939
