param,val,upperVal,lowerVal,n_eff,Rhat
lp__,-282225.6358598127,-282218.5335762944,-282234.6606037371,1661.0488124343563,1.0011193571205237
