param,val,upperVal,lowerVal,n_eff,Rhat
lp__,-5815.221696746837,-5808.189121018072,-5824.364941682476,1804.0253561638622,1.0003713704677357
