param,val,upperVal,lowerVal,n_eff,Rhat
lp__,-5339.6171364996535,-5332.599359958002,-5349.594877466712,1803.0529076956302,0.9997833023492201
