param,val,upperVal,lowerVal,n_eff,Rhat
lp__,-5780.149051558341,-5772.980550493075,-5789.74203895192,1753.8424669362553,0.9997136254190684
