param,val,upperVal,lowerVal,n_eff,Rhat
lp__,-5782.387745092137,-5774.99710142481,-5792.28173268985,1728.6330529295915,0.9983371922463996
