param,val,upperVal,lowerVal,n_eff,Rhat
lp__,-7359.724961803084,-7352.634034736459,-7369.652504167324,1422.1262663557006,1.0002498354739964
