param,val,upperVal,lowerVal,n_eff,Rhat
lp__,-5782.887080308055,-5775.643340748183,-5792.222178408407,1782.2218177057184,0.9987200665358286
