param,val,upperVal,lowerVal,n_eff,Rhat
lp__,-302429.14708079945,-302422.59343149426,-302438.90337880485,1643.4278644372603,1.0000052023403259
