param,val,upperVal,lowerVal,n_eff,Rhat
lp__,-302277.2404390314,-302270.5687744816,-302287.0281681933,1674.4972387842863,0.9993588265072807
