param,val,upperVal,lowerVal,n_eff,Rhat
lp__,-18428.353834915026,-18421.746799472392,-18437.731022167896,1597.489216350525,1.0002941646229109
