param,val,upperVal,lowerVal,n_eff,Rhat
lp__,-267904.01652189443,-267897.2308053293,-267913.11977945553,1766.9144070651455,1.00212318068567
