param,val,upperVal,lowerVal,n_eff,Rhat
lp__,-101073.41001247127,-101066.28645417589,-101082.92907056549,1471.2965874973029,1.0037780373179177
