param,val,upperVal,lowerVal,n_eff,Rhat
lp__,-4647.706295981594,-4640.507583726761,-4657.337806444596,1662.4725494363995,1.0007425584464065
