param,val,upperVal,lowerVal,n_eff,Rhat
lp__,-7271.617718046509,-7264.550996093593,-7282.336004145241,1569.4463920277897,1.0007652984228006
