param,val,upperVal,lowerVal,n_eff,Rhat
lp__,-5328.164514109057,-5320.958123793413,-5338.061312300683,1761.2754469918114,1.001263067144361
