param,val,upperVal,lowerVal,n_eff,Rhat
lp__,-5368.79903885951,-5361.39398353995,-5378.127478656608,1608.6635727304958,0.9990726017647821
