param,val,upperVal,lowerVal,n_eff,Rhat
lp__,-5355.571173872597,-5348.319895788927,-5365.732687720103,1709.7475754002483,0.9993160953817526
