param,val,upperVal,lowerVal,n_eff,Rhat
lp__,-301079.0159132428,-301071.95319491613,-301087.92477242276,1667.0257468665325,0.9994638274816853
