param,val,upperVal,lowerVal,n_eff,Rhat
lp__,-5364.360638222321,-5357.248313070632,-5374.698280805519,1912.6642323871292,1.0014757339542095
