param,val,upperVal,lowerVal,n_eff,Rhat
lp__,-5783.085244410993,-5775.5093014725,-5792.996817242358,1647.8466078346778,1.001483341387308
