param,val,upperVal,lowerVal,n_eff,Rhat
lp__,-4692.930805912594,-4686.127014872953,-4702.653896958042,1627.1294987599913,1.0013943244334453
