param,val,upperVal,lowerVal,n_eff,Rhat
lp__,-7289.176523883859,-7281.792706907681,-7299.006727348255,1601.5022208819528,1.0005815614324405
