param,val,upperVal,lowerVal,n_eff,Rhat
lp__,-282209.74911865394,-282204.59542139067,-282217.8278665246,1802.0573557250868,0.9992742142755612
