param,val,upperVal,lowerVal,n_eff,Rhat
lp__,-282106.0622336076,-282101.0460109378,-282114.4228002818,1710.0657845670041,0.999202778198369
