param,val,upperVal,lowerVal,n_eff,Rhat
lp__,-5786.746360302581,-5779.87847386712,-5797.1853425667905,1647.0544311169365,0.9992278076503496
