param,val,upperVal,lowerVal,n_eff,Rhat
lp__,-5374.548491275214,-5367.4330173481785,-5384.831832096181,1286.2996247282003,1.0022228854762474
