param,val,upperVal,lowerVal,n_eff,Rhat
lp__,-5337.43324429587,-5329.9724738471,-5347.562639103483,1685.5182438924057,0.998655991895977
