param,val,upperVal,lowerVal,n_eff,Rhat
lp__,-5371.005473647001,-5363.4811377744245,-5381.103874413711,1708.5489654109062,0.999161232546698
