param,val,upperVal,lowerVal,n_eff,Rhat
lp__,-18994.206951088934,-18987.130627410275,-19004.30437867757,1458.8666517305144,1.0032792337740382
