param,val,upperVal,lowerVal,n_eff,Rhat
lp__,-8731.61341116811,-8724.825272214543,-8740.898433989092,1689.0140123768135,0.9995024785708689
