param,val,upperVal,lowerVal,n_eff,Rhat
lp__,-8467.929327466263,-8460.247408831096,-8478.371341087213,1698.0188734347375,0.9989583800093833
