param,val,upperVal,lowerVal,n_eff,Rhat
lp__,-7359.365646897793,-7352.335457081486,-7369.226901056639,1369.4011607353602,0.9997816232472206
