param,val,upperVal,lowerVal,n_eff,Rhat
lp__,-4633.608449553724,-4626.402764253246,-4642.926692952387,1730.8061571965966,0.9996993482598903
