param,val,upperVal,lowerVal,n_eff,Rhat
lp__,-5340.415122908493,-5333.248773748215,-5350.269774001789,1815.4785333356767,0.9988318973973016
