param,val,upperVal,lowerVal,n_eff,Rhat
lp__,-5795.794985940638,-5788.287965620294,-5805.9066227172425,1708.6788647813462,1.0029394475378952
