param,val,upperVal,lowerVal,n_eff,Rhat
lp__,-5330.871380211443,-5323.664003017673,-5340.258246966001,1619.3766696116218,0.9994952213227792
