param,val,upperVal,lowerVal,n_eff,Rhat
lp__,-5804.792648802504,-5797.5287940100825,-5815.024732346874,1834.6310890441603,0.9987060122796421
