param,val,upperVal,lowerVal,n_eff,Rhat
lp__,-5373.310150559386,-5366.228680897144,-5383.419795273946,1676.2543859912364,0.999230656714592
