param,val,upperVal,lowerVal,n_eff,Rhat
lp__,-5793.455129785068,-5786.289487629852,-5803.104649447435,1723.8238302746754,0.9996517708884264
