param,val,upperVal,lowerVal,n_eff,Rhat
lp__,-19156.25582918392,-19149.681499172926,-19165.75998784741,1701.794546792525,1.0010504276914942
