param,val,upperVal,lowerVal,n_eff,Rhat
lp__,-5325.394903399222,-5317.966076774043,-5335.059701560261,1826.766820700155,1.0007469965555331
