param,val,upperVal,lowerVal,n_eff,Rhat
lp__,-5353.746384195256,-5346.292686233033,-5363.97056717054,1609.4741522290653,0.9995782990043469
