param,val,upperVal,lowerVal,n_eff,Rhat
lp__,-5367.80117143974,-5360.558171727522,-5377.556000523643,1817.961068872085,0.999968153767298
