param,val,upperVal,lowerVal,n_eff,Rhat
lp__,-5334.602456890419,-5327.520112636561,-5344.621178299107,1757.7393490643005,1.0023993981222217
