param,val,upperVal,lowerVal,n_eff,Rhat
lp__,-5361.528085700014,-5354.481454710275,-5371.414190840247,1705.61663066497,1.0003877995445456
