param,val,upperVal,lowerVal,n_eff,Rhat
lp__,-5778.7393571833445,-5771.77639155629,-5789.190393220425,1885.1284029176043,0.9997693511657658
