param,val,upperVal,lowerVal,n_eff,Rhat
lp__,-5597.380934159401,-5589.904836957447,-5607.417857243277,1769.3065751461033,0.999947147843117
