param,val,upperVal,lowerVal,n_eff,Rhat
lp__,-5444.056959007171,-5436.48152732406,-5454.168586195891,1600.2618505286412,0.9993598606075881
