param,val,upperVal,lowerVal,n_eff,Rhat
lp__,-5326.011999869063,-5318.851352449266,-5336.219782822482,1796.5812900836354,1.0006429066193292
