param,val,upperVal,lowerVal,n_eff,Rhat
lp__,-298817.1537375608,-298810.439670929,-298827.3505507144,1720.8953621555515,0.9994555809880307
