param,val,upperVal,lowerVal,n_eff,Rhat
lp__,-298665.006792105,-298658.0213541975,-298674.9756838226,1461.033908938229,1.0003533308352395
