param,val,upperVal,lowerVal,n_eff,Rhat
lp__,-5325.086393263495,-5317.518019774639,-5334.682404027286,1765.4573103191972,0.9990485800928999
