param,val,upperVal,lowerVal,n_eff,Rhat
lp__,-282235.4613530542,-282228.6972846349,-282244.4520037117,1752.5639807695559,1.0021828483863673
