param,val,upperVal,lowerVal,n_eff,Rhat
lp__,-5369.979896732308,-5362.412300451843,-5380.059559539482,1695.9455239126053,0.9996299197841318
