param,val,upperVal,lowerVal,n_eff,Rhat
lp__,-298258.2545611414,-298251.4166610104,-298268.7179277731,1773.8466820969998,0.998483245730594
