param,val,upperVal,lowerVal,n_eff,Rhat
lp__,-99124.47860156474,-99117.55635306775,-99134.27217733757,1648.5266060917108,0.9998326015644619
