param,val,upperVal,lowerVal,n_eff,Rhat
lp__,-98974.31618801942,-98967.1513275071,-98983.829187803,1738.2004044189644,0.9981617939800927
