param,val,upperVal,lowerVal,n_eff,Rhat
lp__,-275649.99454768107,-275643.32043900824,-275659.4150047539,1585.6093812803665,0.9999473858295316
