param,val,upperVal,lowerVal,n_eff,Rhat
lp__,-5365.330466600741,-5358.224717708323,-5375.560608162417,1749.9563329128096,1.0003332613847147
