param,val,upperVal,lowerVal,n_eff,Rhat
lp__,-5328.698081352018,-5321.099540039531,-5338.500326742916,1783.8362263571837,0.9992802604634009
