param,val,upperVal,lowerVal,n_eff,Rhat
lp__,-7226.379272186963,-7219.284013340298,-7236.361434414966,1661.3336511988641,0.9994330841447578
