param,val,upperVal,lowerVal,n_eff,Rhat
lp__,-5325.277986472939,-5318.0218356633895,-5335.013905706429,1600.5399995046928,1.0021218631544433
