param,val,upperVal,lowerVal,n_eff,Rhat
lp__,-5793.025732795964,-5785.627264911622,-5802.94517941616,1614.3053943344557,0.999958010180305
