param,val,upperVal,lowerVal,n_eff,Rhat
lp__,-5352.6834893289415,-5345.5692694897725,-5362.494597801987,1780.5052156137085,0.9992964358286879
