param,val,upperVal,lowerVal,n_eff,Rhat
lp__,-313794.51161821437,-313787.4789010805,-313804.3636066842,1812.1617282346847,1.000531258592129
