param,val,upperVal,lowerVal,n_eff,Rhat
lp__,-7249.166485584298,-7242.083262785469,-7259.302689945308,1246.2845277058184,1.0016647683995077
