param,val,upperVal,lowerVal,n_eff,Rhat
lp__,-7426.216364364553,-7419.2095654557315,-7436.135838789657,1721.7308317924994,1.0023873365780627
