param,val,upperVal,lowerVal,n_eff,Rhat
lp__,-7304.605690032057,-7297.095466681849,-7315.026117020699,1710.305605089943,1.0001487665302156
