param,val,upperVal,lowerVal,n_eff,Rhat
lp__,-280203.05103490554,-280196.2468040055,-280212.6641214144,1684.4030796181778,0.9986261373137211
