param,val,upperVal,lowerVal,n_eff,Rhat
lp__,-280353.1620889857,-280346.3538164139,-280362.3362434536,1583.163112841559,0.9992989021970596
