param,val,upperVal,lowerVal,n_eff,Rhat
lp__,-5797.021072275569,-5789.941153982724,-5806.804126628761,1666.309323586527,1.0001320595906253
