param,val,upperVal,lowerVal,n_eff,Rhat
lp__,-5339.61035315044,-5332.482073012215,-5349.404917997979,1647.360162056155,0.9984257318291089
