param,val,upperVal,lowerVal,n_eff,Rhat
lp__,-5361.852925517858,-5354.994244125135,-5371.749848398082,1682.780107366121,0.998840437140821
