param,val,upperVal,lowerVal,n_eff,Rhat
lp__,-5488.4476229870725,-5480.485371871168,-5498.9643522349215,1581.0510749985378,0.9985243942435412
