param,val,upperVal,lowerVal,n_eff,Rhat
lp__,-5641.434598478152,-5634.092901870172,-5651.758767198934,1870.4880966742578,1.0003910190759142
