param,val,upperVal,lowerVal,n_eff,Rhat
lp__,-5809.230387783489,-5801.93457987185,-5819.313663359573,1735.1770800604459,0.999040124292377
