param,val,upperVal,lowerVal,n_eff,Rhat
lp__,-5363.530149014068,-5356.524747691096,-5373.690292921405,1554.4161106641807,1.0001321894168356
