param,val,upperVal,lowerVal,n_eff,Rhat
lp__,-5770.585132304755,-5763.05250562171,-5780.0052852271365,1650.5763362171422,1.0014582647922692
