param,val,upperVal,lowerVal,n_eff,Rhat
lp__,-5359.303691938875,-5351.8622544908285,-5369.11231043913,1617.8789058691384,0.9988028377035003
