param,val,upperVal,lowerVal,n_eff,Rhat
lp__,-5795.414741939923,-5788.311454388601,-5805.014948748122,1661.4259654800771,0.9992616850809961
