param,val,upperVal,lowerVal,n_eff,Rhat
lp__,-5327.265268368911,-5320.309751029369,-5336.467999480833,1726.4099393321808,0.9991321944158512
