param,val,upperVal,lowerVal,n_eff,Rhat
lp__,-5799.248086711972,-5792.101553075119,-5809.536445746653,1677.479624139802,1.0015414545161605
