param,val,upperVal,lowerVal,n_eff,Rhat
lp__,-4646.311391618702,-4638.91983881512,-4656.77915872464,1753.590817012992,0.9987845315936311
