param,val,upperVal,lowerVal,n_eff,Rhat
lp__,-7218.985613410267,-7211.986293638163,-7228.704079925738,1667.8479277537133,1.0001737372648893
