param,val,upperVal,lowerVal,n_eff,Rhat
lp__,-5359.2189861476545,-5351.967798081891,-5369.123117368375,1726.1418690688372,0.9993206646004182
