param,val,upperVal,lowerVal,n_eff,Rhat
lp__,-7218.64700742643,-7211.364572769403,-7228.5091518501295,1598.0936825075096,0.9991624227872073
