param,val,upperVal,lowerVal,n_eff,Rhat
lp__,-5353.083386225308,-5346.311001050073,-5362.610559158005,1348.3348028406172,1.001176268025693
