param,val,upperVal,lowerVal,n_eff,Rhat
lp__,-4631.680030773405,-4624.270644717635,-4641.721869385078,1805.035430354663,1.001218400994884
